{"cameraMode":{"drawMode":0,"name":"Shaded","section":"Shading Mode"},"sceneLighting":false,"audioPlay":false,"sceneViewState":{"m_AlwaysRefresh":false,"showFog":true,"showSkybox":false,"showFlares":true,"showImageEffects":true,"showParticleSystems":true,"showVisualEffectGraphs":true,"m_FxEnabled":true},"in2DMode":false,"pivot":{"x":8.741376876831055,"y":2.554173707962036,"z":26.349149703979493},"rotation":{"x":-0.002625468885526061,"y":-0.9958910346031189,"z":0.0856689065694809,"w":-0.030460352078080179},"size":1.666077733039856,"orthographic":false}