{"cameraMode":{"drawMode":0,"name":"Shaded","section":"Shading Mode"},"sceneLighting":false,"audioPlay":false,"sceneViewState":{"m_AlwaysRefresh":false,"showFog":true,"showSkybox":false,"showFlares":true,"showImageEffects":true,"showParticleSystems":true,"showVisualEffectGraphs":true,"m_FxEnabled":true},"in2DMode":false,"pivot":{"x":19.809078216552736,"y":8.918283462524414,"z":3.3926401138305666},"rotation":{"x":0.014504870399832726,"y":-0.9819265604019165,"z":0.08447304368019104,"w":0.16898560523986817},"size":0.8660253882408142,"orthographic":false}