{"cameraMode":{"drawMode":0,"name":"Shaded","section":"Shading Mode"},"sceneLighting":false,"audioPlay":false,"sceneViewState":{"m_AlwaysRefresh":false,"showFog":true,"showSkybox":false,"showFlares":true,"showImageEffects":true,"showParticleSystems":true,"showVisualEffectGraphs":true,"m_FxEnabled":true},"in2DMode":false,"pivot":{"x":2.4678056240081789,"y":-1.5201863050460816,"z":-20.475351333618165},"rotation":{"x":-0.002625468885526061,"y":-0.9958910346031189,"z":0.0856689065694809,"w":-0.030460352078080179},"size":12.12435531616211,"orthographic":false}